Workbook

Sheet Trade Log
A1: Date | B1: Time | C1: Ticker | D1: Side | E1: Strategy | F1: Entry Price | G1: Exit Price | H1: Position Size | I1: Gross P&L | J1: Fees | K1: Net P&L | L1: R-Multiple | M1: Notes | N1: Screenshot Link
A2: 46082 | B2: 0.39930556 | C2: AAPL | D2: Long | E2: Breakout | F2: 178.5 | G2: 181.2 | H2: 100 | I2: =IF(D2="Long",(G2-F2)*H2,(F2-G2)*H2) | J2: 2 | K2: =I2-J2 | L2: =IFERROR(K2/ABS(AVERAGEIF(K2:K101,"<"&0)),"") | M2: Clean breakout above resistance
A3: 46082 | B3: 0.42708333 | C3: TSLA | D3: Short | E3: Mean Reversion | F3: 245 | G3: 248.5 | H3: 50 | I3: =IF(D3="Long",(G3-F3)*H3,(F3-G3)*H3) | J3: 1.5 | K3: =I3-J3 | L3: =IFERROR(K3/ABS(AVERAGEIF(K2:K101,"<"&0)),"") | M3: Stopped out - trend too strong
A4: 46082 | B4: 0.57291667 | C4: NVDA | D4: Long | E4: Momentum | F4: 890 | G4: 897.5 | H4: 30 | I4: =IF(D4="Long",(G4-F4)*H4,(F4-G4)*H4) | J4: 2.5 | K4: =I4-J4 | L4: =IFERROR(K4/ABS(AVERAGEIF(K2:K101,"<"&0)),"") | M4: Held through pullback
A5: 46083 | B5: 0.39722222 | C5: SPY | D5: Long | E5: Gap & Go | F5: 512.3 | G5: 514.8 | H5: 200 | I5: =IF(D5="Long",(G5-F5)*H5,(F5-G5)*H5) | J5: 3 | K5: =I5-J5 | L5: =IFERROR(K5/ABS(AVERAGEIF(K2:K101,"<"&0)),"") | M5: Strong gap up follow-through
A6: 46083 | B6: 0.47222222 | C6: META | D6: Short | E6: Rejection | F6: 520 | G6: 515.5 | H6: 40 | I6: =IF(D6="Long",(G6-F6)*H6,(F6-G6)*H6) | J6: 1.8 | K6: =I6-J6 | L6: =IFERROR(K6/ABS(AVERAGEIF(K2:K101,"<"&0)),"") | M6: Clean rejection at daily level
I7: =IF(D7="Long",(G7-F7)*H7,(F7-G7)*H7) | K7: =I7-J7 | L7: =IFERROR(K7/ABS(AVERAGEIF(K2:K101,"<"&0)),"")
I8: =IF(D8="Long",(G8-F8)*H8,(F8-G8)*H8) | K8: =I8-J8 | L8: =IFERROR(K8/ABS(AVERAGEIF(K2:K101,"<"&0)),"")
I9: =IF(D9="Long",(G9-F9)*H9,(F9-G9)*H9) | K9: =I9-J9 | L9: =IFERROR(K9/ABS(AVERAGEIF(K2:K101,"<"&0)),"")
I10: =IF(D10="Long",(G10-F10)*H10,(F10-G10)*H10) | K10: =I10-J10 | L10: =IFERROR(K10/ABS(AVERAGEIF(K2:K101,"<"&0)),"")
I11: =IF(D11="Long",(G11-F11)*H11,(F11-G11)*H11) | K11: =I11-J11 | L11: =IFERROR(K11/ABS(AVERAGEIF(K2:K101,"<"&0)),"")
I12: =IF(D12="Long",(G12-F12)*H12,(F12-G12)*H12) | K12: =I12-J12 | L12: =IFERROR(K12/ABS(AVERAGEIF(K2:K101,"<"&0)),"")
I13: =IF(D13="Long",(G13-F13)*H13,(F13-G13)*H13) | K13: =I13-J13 | L13: =IFERROR(K13/ABS(AVERAGEIF(K2:K101,"<"&0)),"")
I14: =IF(D14="Long",(G14-F14)*H14,(F14-G14)*H14) | K14: =I14-J14 | L14: =IFERROR(K14/ABS(AVERAGEIF(K2:K101,"<"&0)),"")
I15: =IF(D15="Long",(G15-F15)*H15,(F15-G15)*H15) | K15: =I15-J15 | L15: =IFERROR(K15/ABS(AVERAGEIF(K2:K101,"<"&0)),"")
I16: =IF(D16="Long",(G16-F16)*H16,(F16-G16)*H16) | K16: =I16-J16 | L16: =IFERROR(K16/ABS(AVERAGEIF(K2:K101,"<"&0)),"")
I17: =IF(D17="Long",(G17-F17)*H17,(F17-G17)*H17) | K17: =I17-J17 | L17: =IFERROR(K17/ABS(AVERAGEIF(K2:K101,"<"&0)),"")
I18: =IF(D18="Long",(G18-F18)*H18,(F18-G18)*H18) | K18: =I18-J18 | L18: =IFERROR(K18/ABS(AVERAGEIF(K2:K101,"<"&0)),"")
I19: =IF(D19="Long",(G19-F19)*H19,(F19-G19)*H19) | K19: =I19-J19 | L19: =IFERROR(K19/ABS(AVERAGEIF(K2:K101,"<"&0)),"")
I20: =IF(D20="Long",(G20-F20)*H20,(F20-G20)*H20) | K20: =I20-J20 | L20: =IFERROR(K20/ABS(AVERAGEIF(K2:K101,"<"&0)),"")
I21: =IF(D21="Long",(G21-F21)*H21,(F21-G21)*H21) | K21: =I21-J21 | L21: =IFERROR(K21/ABS(AVERAGEIF(K2:K101,"<"&0)),"")
I22: =IF(D22="Long",(G22-F22)*H22,(F22-G22)*H22) | K22: =I22-J22 | L22: =IFERROR(K22/ABS(AVERAGEIF(K2:K101,"<"&0)),"")
I23: =IF(D23="Long",(G23-F23)*H23,(F23-G23)*H23) | K23: =I23-J23 | L23: =IFERROR(K23/ABS(AVERAGEIF(K2:K101,"<"&0)),"")
I24: =IF(D24="Long",(G24-F24)*H24,(F24-G24)*H24) | K24: =I24-J24 | L24: =IFERROR(K24/ABS(AVERAGEIF(K2:K101,"<"&0)),"")
I25: =IF(D25="Long",(G25-F25)*H25,(F25-G25)*H25) | K25: =I25-J25 | L25: =IFERROR(K25/ABS(AVERAGEIF(K2:K101,"<"&0)),"")
I26: =IF(D26="Long",(G26-F26)*H26,(F26-G26)*H26) | K26: =I26-J26 | L26: =IFERROR(K26/ABS(AVERAGEIF(K2:K101,"<"&0)),"")
I27: =IF(D27="Long",(G27-F27)*H27,(F27-G27)*H27) | K27: =I27-J27 | L27: =IFERROR(K27/ABS(AVERAGEIF(K2:K101,"<"&0)),"")
I28: =IF(D28="Long",(G28-F28)*H28,(F28-G28)*H28) | K28: =I28-J28 | L28: =IFERROR(K28/ABS(AVERAGEIF(K2:K101,"<"&0)),"")
I29: =IF(D29="Long",(G29-F29)*H29,(F29-G29)*H29) | K29: =I29-J29 | L29: =IFERROR(K29/ABS(AVERAGEIF(K2:K101,"<"&0)),"")
I30: =IF(D30="Long",(G30-F30)*H30,(F30-G30)*H30) | K30: =I30-J30 | L30: =IFERROR(K30/ABS(AVERAGEIF(K2:K101,"<"&0)),"")
I31: =IF(D31="Long",(G31-F31)*H31,(F31-G31)*H31) | K31: =I31-J31 | L31: =IFERROR(K31/ABS(AVERAGEIF(K2:K101,"<"&0)),"")
I32: =IF(D32="Long",(G32-F32)*H32,(F32-G32)*H32) | K32: =I32-J32 | L32: =IFERROR(K32/ABS(AVERAGEIF(K2:K101,"<"&0)),"")
I33: =IF(D33="Long",(G33-F33)*H33,(F33-G33)*H33) | K33: =I33-J33 | L33: =IFERROR(K33/ABS(AVERAGEIF(K2:K101,"<"&0)),"")
I34: =IF(D34="Long",(G34-F34)*H34,(F34-G34)*H34) | K34: =I34-J34 | L34: =IFERROR(K34/ABS(AVERAGEIF(K2:K101,"<"&0)),"")
I35: =IF(D35="Long",(G35-F35)*H35,(F35-G35)*H35) | K35: =I35-J35 | L35: =IFERROR(K35/ABS(AVERAGEIF(K2:K101,"<"&0)),"")
I36: =IF(D36="Long",(G36-F36)*H36,(F36-G36)*H36) | K36: =I36-J36 | L36: =IFERROR(K36/ABS(AVERAGEIF(K2:K101,"<"&0)),"")
I37: =IF(D37="Long",(G37-F37)*H37,(F37-G37)*H37) | K37: =I37-J37 | L37: =IFERROR(K37/ABS(AVERAGEIF(K2:K101,"<"&0)),"")
I38: =IF(D38="Long",(G38-F38)*H38,(F38-G38)*H38) | K38: =I38-J38 | L38: =IFERROR(K38/ABS(AVERAGEIF(K2:K101,"<"&0)),"")
I39: =IF(D39="Long",(G39-F39)*H39,(F39-G39)*H39) | K39: =I39-J39 | L39: =IFERROR(K39/ABS(AVERAGEIF(K2:K101,"<"&0)),"")
I40: =IF(D40="Long",(G40-F40)*H40,(F40-G40)*H40) | K40: =I40-J40 | L40: =IFERROR(K40/ABS(AVERAGEIF(K2:K101,"<"&0)),"")
I41: =IF(D41="Long",(G41-F41)*H41,(F41-G41)*H41) | K41: =I41-J41 | L41: =IFERROR(K41/ABS(AVERAGEIF(K2:K101,"<"&0)),"")
I42: =IF(D42="Long",(G42-F42)*H42,(F42-G42)*H42) | K42: =I42-J42 | L42: =IFERROR(K42/ABS(AVERAGEIF(K2:K101,"<"&0)),"")
I43: =IF(D43="Long",(G43-F43)*H43,(F43-G43)*H43) | K43: =I43-J43 | L43: =IFERROR(K43/ABS(AVERAGEIF(K2:K101,"<"&0)),"")
I44: =IF(D44="Long",(G44-F44)*H44,(F44-G44)*H44) | K44: =I44-J44 | L44: =IFERROR(K44/ABS(AVERAGEIF(K2:K101,"<"&0)),"")
I45: =IF(D45="Long",(G45-F45)*H45,(F45-G45)*H45) | K45: =I45-J45 | L45: =IFERROR(K45/ABS(AVERAGEIF(K2:K101,"<"&0)),"")
I46: =IF(D46="Long",(G46-F46)*H46,(F46-G46)*H46) | K46: =I46-J46 | L46: =IFERROR(K46/ABS(AVERAGEIF(K2:K101,"<"&0)),"")
I47: =IF(D47="Long",(G47-F47)*H47,(F47-G47)*H47) | K47: =I47-J47 | L47: =IFERROR(K47/ABS(AVERAGEIF(K2:K101,"<"&0)),"")
I48: =IF(D48="Long",(G48-F48)*H48,(F48-G48)*H48) | K48: =I48-J48 | L48: =IFERROR(K48/ABS(AVERAGEIF(K2:K101,"<"&0)),"")
I49: =IF(D49="Long",(G49-F49)*H49,(F49-G49)*H49) | K49: =I49-J49 | L49: =IFERROR(K49/ABS(AVERAGEIF(K2:K101,"<"&0)),"")
I50: =IF(D50="Long",(G50-F50)*H50,(F50-G50)*H50) | K50: =I50-J50 | L50: =IFERROR(K50/ABS(AVERAGEIF(K2:K101,"<"&0)),"")
I51: =IF(D51="Long",(G51-F51)*H51,(F51-G51)*H51) | K51: =I51-J51 | L51: =IFERROR(K51/ABS(AVERAGEIF(K2:K101,"<"&0)),"")
I52: =IF(D52="Long",(G52-F52)*H52,(F52-G52)*H52) | K52: =I52-J52 | L52: =IFERROR(K52/ABS(AVERAGEIF(K2:K101,"<"&0)),"")
I53: =IF(D53="Long",(G53-F53)*H53,(F53-G53)*H53) | K53: =I53-J53 | L53: =IFERROR(K53/ABS(AVERAGEIF(K2:K101,"<"&0)),"")
I54: =IF(D54="Long",(G54-F54)*H54,(F54-G54)*H54) | K54: =I54-J54 | L54: =IFERROR(K54/ABS(AVERAGEIF(K2:K101,"<"&0)),"")
I55: =IF(D55="Long",(G55-F55)*H55,(F55-G55)*H55) | K55: =I55-J55 | L55: =IFERROR(K55/ABS(AVERAGEIF(K2:K101,"<"&0)),"")
I56: =IF(D56="Long",(G56-F56)*H56,(F56-G56)*H56) | K56: =I56-J56 | L56: =IFERROR(K56/ABS(AVERAGEIF(K2:K101,"<"&0)),"")
I57: =IF(D57="Long",(G57-F57)*H57,(F57-G57)*H57) | K57: =I57-J57 | L57: =IFERROR(K57/ABS(AVERAGEIF(K2:K101,"<"&0)),"")
I58: =IF(D58="Long",(G58-F58)*H58,(F58-G58)*H58) | K58: =I58-J58 | L58: =IFERROR(K58/ABS(AVERAGEIF(K2:K101,"<"&0)),"")
I59: =IF(D59="Long",(G59-F59)*H59,(F59-G59)*H59) | K59: =I59-J59 | L59: =IFERROR(K59/ABS(AVERAGEIF(K2:K101,"<"&0)),"")
I60: =IF(D60="Long",(G60-F60)*H60,(F60-G60)*H60) | K60: =I60-J60 | L60: =IFERROR(K60/ABS(AVERAGEIF(K2:K101,"<"&0)),"")
I61: =IF(D61="Long",(G61-F61)*H61,(F61-G61)*H61) | K61: =I61-J61 | L61: =IFERROR(K61/ABS(AVERAGEIF(K2:K101,"<"&0)),"")
I62: =IF(D62="Long",(G62-F62)*H62,(F62-G62)*H62) | K62: =I62-J62 | L62: =IFERROR(K62/ABS(AVERAGEIF(K2:K101,"<"&0)),"")
I63: =IF(D63="Long",(G63-F63)*H63,(F63-G63)*H63) | K63: =I63-J63 | L63: =IFERROR(K63/ABS(AVERAGEIF(K2:K101,"<"&0)),"")
I64: =IF(D64="Long",(G64-F64)*H64,(F64-G64)*H64) | K64: =I64-J64 | L64: =IFERROR(K64/ABS(AVERAGEIF(K2:K101,"<"&0)),"")
I65: =IF(D65="Long",(G65-F65)*H65,(F65-G65)*H65) | K65: =I65-J65 | L65: =IFERROR(K65/ABS(AVERAGEIF(K2:K101,"<"&0)),"")
I66: =IF(D66="Long",(G66-F66)*H66,(F66-G66)*H66) | K66: =I66-J66 | L66: =IFERROR(K66/ABS(AVERAGEIF(K2:K101,"<"&0)),"")
I67: =IF(D67="Long",(G67-F67)*H67,(F67-G67)*H67) | K67: =I67-J67 | L67: =IFERROR(K67/ABS(AVERAGEIF(K2:K101,"<"&0)),"")
I68: =IF(D68="Long",(G68-F68)*H68,(F68-G68)*H68) | K68: =I68-J68 | L68: =IFERROR(K68/ABS(AVERAGEIF(K2:K101,"<"&0)),"")
I69: =IF(D69="Long",(G69-F69)*H69,(F69-G69)*H69) | K69: =I69-J69 | L69: =IFERROR(K69/ABS(AVERAGEIF(K2:K101,"<"&0)),"")
I70: =IF(D70="Long",(G70-F70)*H70,(F70-G70)*H70) | K70: =I70-J70 | L70: =IFERROR(K70/ABS(AVERAGEIF(K2:K101,"<"&0)),"")
I71: =IF(D71="Long",(G71-F71)*H71,(F71-G71)*H71) | K71: =I71-J71 | L71: =IFERROR(K71/ABS(AVERAGEIF(K2:K101,"<"&0)),"")
I72: =IF(D72="Long",(G72-F72)*H72,(F72-G72)*H72) | K72: =I72-J72 | L72: =IFERROR(K72/ABS(AVERAGEIF(K2:K101,"<"&0)),"")
I73: =IF(D73="Long",(G73-F73)*H73,(F73-G73)*H73) | K73: =I73-J73 | L73: =IFERROR(K73/ABS(AVERAGEIF(K2:K101,"<"&0)),"")
I74: =IF(D74="Long",(G74-F74)*H74,(F74-G74)*H74) | K74: =I74-J74 | L74: =IFERROR(K74/ABS(AVERAGEIF(K2:K101,"<"&0)),"")
I75: =IF(D75="Long",(G75-F75)*H75,(F75-G75)*H75) | K75: =I75-J75 | L75: =IFERROR(K75/ABS(AVERAGEIF(K2:K101,"<"&0)),"")
I76: =IF(D76="Long",(G76-F76)*H76,(F76-G76)*H76) | K76: =I76-J76 | L76: =IFERROR(K76/ABS(AVERAGEIF(K2:K101,"<"&0)),"")
I77: =IF(D77="Long",(G77-F77)*H77,(F77-G77)*H77) | K77: =I77-J77 | L77: =IFERROR(K77/ABS(AVERAGEIF(K2:K101,"<"&0)),"")
I78: =IF(D78="Long",(G78-F78)*H78,(F78-G78)*H78) | K78: =I78-J78 | L78: =IFERROR(K78/ABS(AVERAGEIF(K2:K101,"<"&0)),"")
I79: =IF(D79="Long",(G79-F79)*H79,(F79-G79)*H79) | K79: =I79-J79 | L79: =IFERROR(K79/ABS(AVERAGEIF(K2:K101,"<"&0)),"")
I80: =IF(D80="Long",(G80-F80)*H80,(F80-G80)*H80) | K80: =I80-J80 | L80: =IFERROR(K80/ABS(AVERAGEIF(K2:K101,"<"&0)),"")
I81: =IF(D81="Long",(G81-F81)*H81,(F81-G81)*H81) | K81: =I81-J81 | L81: =IFERROR(K81/ABS(AVERAGEIF(K2:K101,"<"&0)),"")
I82: =IF(D82="Long",(G82-F82)*H82,(F82-G82)*H82) | K82: =I82-J82 | L82: =IFERROR(K82/ABS(AVERAGEIF(K2:K101,"<"&0)),"")
I83: =IF(D83="Long",(G83-F83)*H83,(F83-G83)*H83) | K83: =I83-J83 | L83: =IFERROR(K83/ABS(AVERAGEIF(K2:K101,"<"&0)),"")
I84: =IF(D84="Long",(G84-F84)*H84,(F84-G84)*H84) | K84: =I84-J84 | L84: =IFERROR(K84/ABS(AVERAGEIF(K2:K101,"<"&0)),"")
I85: =IF(D85="Long",(G85-F85)*H85,(F85-G85)*H85) | K85: =I85-J85 | L85: =IFERROR(K85/ABS(AVERAGEIF(K2:K101,"<"&0)),"")
I86: =IF(D86="Long",(G86-F86)*H86,(F86-G86)*H86) | K86: =I86-J86 | L86: =IFERROR(K86/ABS(AVERAGEIF(K2:K101,"<"&0)),"")
I87: =IF(D87="Long",(G87-F87)*H87,(F87-G87)*H87) | K87: =I87-J87 | L87: =IFERROR(K87/ABS(AVERAGEIF(K2:K101,"<"&0)),"")
I88: =IF(D88="Long",(G88-F88)*H88,(F88-G88)*H88) | K88: =I88-J88 | L88: =IFERROR(K88/ABS(AVERAGEIF(K2:K101,"<"&0)),"")
I89: =IF(D89="Long",(G89-F89)*H89,(F89-G89)*H89) | K89: =I89-J89 | L89: =IFERROR(K89/ABS(AVERAGEIF(K2:K101,"<"&0)),"")
I90: =IF(D90="Long",(G90-F90)*H90,(F90-G90)*H90) | K90: =I90-J90 | L90: =IFERROR(K90/ABS(AVERAGEIF(K2:K101,"<"&0)),"")
I91: =IF(D91="Long",(G91-F91)*H91,(F91-G91)*H91) | K91: =I91-J91 | L91: =IFERROR(K91/ABS(AVERAGEIF(K2:K101,"<"&0)),"")
I92: =IF(D92="Long",(G92-F92)*H92,(F92-G92)*H92) | K92: =I92-J92 | L92: =IFERROR(K92/ABS(AVERAGEIF(K2:K101,"<"&0)),"")
I93: =IF(D93="Long",(G93-F93)*H93,(F93-G93)*H93) | K93: =I93-J93 | L93: =IFERROR(K93/ABS(AVERAGEIF(K2:K101,"<"&0)),"")
I94: =IF(D94="Long",(G94-F94)*H94,(F94-G94)*H94) | K94: =I94-J94 | L94: =IFERROR(K94/ABS(AVERAGEIF(K2:K101,"<"&0)),"")
I95: =IF(D95="Long",(G95-F95)*H95,(F95-G95)*H95) | K95: =I95-J95 | L95: =IFERROR(K95/ABS(AVERAGEIF(K2:K101,"<"&0)),"")
I96: =IF(D96="Long",(G96-F96)*H96,(F96-G96)*H96) | K96: =I96-J96 | L96: =IFERROR(K96/ABS(AVERAGEIF(K2:K101,"<"&0)),"")
I97: =IF(D97="Long",(G97-F97)*H97,(F97-G97)*H97) | K97: =I97-J97 | L97: =IFERROR(K97/ABS(AVERAGEIF(K2:K101,"<"&0)),"")
I98: =IF(D98="Long",(G98-F98)*H98,(F98-G98)*H98) | K98: =I98-J98 | L98: =IFERROR(K98/ABS(AVERAGEIF(K2:K101,"<"&0)),"")
I99: =IF(D99="Long",(G99-F99)*H99,(F99-G99)*H99) | K99: =I99-J99 | L99: =IFERROR(K99/ABS(AVERAGEIF(K2:K101,"<"&0)),"")
I100: =IF(D100="Long",(G100-F100)*H100,(F100-G100)*H100) | K100: =I100-J100 | L100: =IFERROR(K100/ABS(AVERAGEIF(K2:K101,"<"&0)),"")
...

Sheet Dashboard
A1: Trading Dashboard
A2: Auto-calculated from your Trade Log
A4: Total Trades | C4: Win Rate | E4: Total Net P&L | G4: Avg Win | I4: Avg Loss | K4: Profit Factor | M4: Largest Win | O4: Largest Loss
A5: =COUNTA('Trade Log'!A2:A101) | C5: =IFERROR(COUNTIF('Trade Log'!K2:K101,">"&0)/COUNTA('Trade Log'!K2:K101),0) | E5: =SUM('Trade Log'!K2:K101) | G5: =IFERROR(AVERAGEIF('Trade Log'!K2:K101,">"&0),0) | I5: =IFERROR(AVERAGEIF('Trade Log'!K2:K101,"<"&0),0) | K5: =IFERROR(SUMIF('Trade Log'!K2:K101,">"&0)/ABS(SUMIF('Trade Log'!K2:K101,"<"&0)),0) | M5: =IFERROR(MAX('Trade Log'!K2:K101),0) | O5: =IFERROR(MIN('Trade Log'!K2:K101),0)
A8: Cumulative P&L | E8: Strategy Breakdown
A9: Trade # | B9: Net P&L | C9: Cumulative P&L | E9: Strategy | F9: Trades | G9: Wins | H9: Win Rate | I9: Total P&L | J9: Avg P&L
A10: =IF('Trade Log'!A2="","",1) | B10: =IF('Trade Log'!K2="","",'Trade Log'!K2) | C10: =IF(B10="","",B10) | E10: Breakout | F10: =COUNTIF('Trade Log'!E2:E101,E10) | G10: =COUNTIFS('Trade Log'!E2:E101,E10,'Trade Log'!K2:K101,">"&0) | H10: =IFERROR(G10/F10,0) | I10: =SUMIF('Trade Log'!E2:E101,E10,'Trade Log'!K2:K101) | J10: =IFERROR(I10/F10,0)
A11: =IF('Trade Log'!A3="","",2) | B11: =IF('Trade Log'!K3="","",'Trade Log'!K3) | C11: =IF(B11="","",C10+B11) | E11: Mean Reversion | F11: =COUNTIF('Trade Log'!E2:E101,E11) | G11: =COUNTIFS('Trade Log'!E2:E101,E11,'Trade Log'!K2:K101,">"&0) | H11: =IFERROR(G11/F11,0) | I11: =SUMIF('Trade Log'!E2:E101,E11,'Trade Log'!K2:K101) | J11: =IFERROR(I11/F11,0)
A12: =IF('Trade Log'!A4="","",3) | B12: =IF('Trade Log'!K4="","",'Trade Log'!K4) | C12: =IF(B12="","",C11+B12) | E12: Momentum | F12: =COUNTIF('Trade Log'!E2:E101,E12) | G12: =COUNTIFS('Trade Log'!E2:E101,E12,'Trade Log'!K2:K101,">"&0) | H12: =IFERROR(G12/F12,0) | I12: =SUMIF('Trade Log'!E2:E101,E12,'Trade Log'!K2:K101) | J12: =IFERROR(I12/F12,0)
A13: =IF('Trade Log'!A5="","",4) | B13: =IF('Trade Log'!K5="","",'Trade Log'!K5) | C13: =IF(B13="","",C12+B13) | E13: Gap & Go | F13: =COUNTIF('Trade Log'!E2:E101,E13) | G13: =COUNTIFS('Trade Log'!E2:E101,E13,'Trade Log'!K2:K101,">"&0) | H13: =IFERROR(G13/F13,0) | I13: =SUMIF('Trade Log'!E2:E101,E13,'Trade Log'!K2:K101) | J13: =IFERROR(I13/F13,0)
A14: =IF('Trade Log'!A6="","",5) | B14: =IF('Trade Log'!K6="","",'Trade Log'!K6) | C14: =IF(B14="","",C13+B14) | E14: Rejection | F14: =COUNTIF('Trade Log'!E2:E101,E14) | G14: =COUNTIFS('Trade Log'!E2:E101,E14,'Trade Log'!K2:K101,">"&0) | H14: =IFERROR(G14/F14,0) | I14: =SUMIF('Trade Log'!E2:E101,E14,'Trade Log'!K2:K101) | J14: =IFERROR(I14/F14,0)
A15: =IF('Trade Log'!A7="","",6) | B15: =IF('Trade Log'!K7="","",'Trade Log'!K7) | C15: =IF(B15="","",C14+B15) | E15: Scalp | F15: =COUNTIF('Trade Log'!E2:E101,E15) | G15: =COUNTIFS('Trade Log'!E2:E101,E15,'Trade Log'!K2:K101,">"&0) | H15: =IFERROR(G15/F15,0) | I15: =SUMIF('Trade Log'!E2:E101,E15,'Trade Log'!K2:K101) | J15: =IFERROR(I15/F15,0)
A16: =IF('Trade Log'!A8="","",7) | B16: =IF('Trade Log'!K8="","",'Trade Log'!K8) | C16: =IF(B16="","",C15+B16) | E16: Swing | F16: =COUNTIF('Trade Log'!E2:E101,E16) | G16: =COUNTIFS('Trade Log'!E2:E101,E16,'Trade Log'!K2:K101,">"&0) | H16: =IFERROR(G16/F16,0) | I16: =SUMIF('Trade Log'!E2:E101,E16,'Trade Log'!K2:K101) | J16: =IFERROR(I16/F16,0)
A17: =IF('Trade Log'!A9="","",8) | B17: =IF('Trade Log'!K9="","",'Trade Log'!K9) | C17: =IF(B17="","",C16+B17)
A18: =IF('Trade Log'!A10="","",9) | B18: =IF('Trade Log'!K10="","",'Trade Log'!K10) | C18: =IF(B18="","",C17+B18)
A19: =IF('Trade Log'!A11="","",10) | B19: =IF('Trade Log'!K11="","",'Trade Log'!K11) | C19: =IF(B19="","",C18+B19)
A20: =IF('Trade Log'!A12="","",11) | B20: =IF('Trade Log'!K12="","",'Trade Log'!K12) | C20: =IF(B20="","",C19+B20)
A21: =IF('Trade Log'!A13="","",12) | B21: =IF('Trade Log'!K13="","",'Trade Log'!K13) | C21: =IF(B21="","",C20+B21)
A22: =IF('Trade Log'!A14="","",13) | B22: =IF('Trade Log'!K14="","",'Trade Log'!K14) | C22: =IF(B22="","",C21+B22)
A23: =IF('Trade Log'!A15="","",14) | B23: =IF('Trade Log'!K15="","",'Trade Log'!K15) | C23: =IF(B23="","",C22+B23)
A24: =IF('Trade Log'!A16="","",15) | B24: =IF('Trade Log'!K16="","",'Trade Log'!K16) | C24: =IF(B24="","",C23+B24)
A25: =IF('Trade Log'!A17="","",16) | B25: =IF('Trade Log'!K17="","",'Trade Log'!K17) | C25: =IF(B25="","",C24+B25)
A26: =IF('Trade Log'!A18="","",17) | B26: =IF('Trade Log'!K18="","",'Trade Log'!K18) | C26: =IF(B26="","",C25+B26)
A27: =IF('Trade Log'!A19="","",18) | B27: =IF('Trade Log'!K19="","",'Trade Log'!K19) | C27: =IF(B27="","",C26+B27)
A28: =IF('Trade Log'!A20="","",19) | B28: =IF('Trade Log'!K20="","",'Trade Log'!K20) | C28: =IF(B28="","",C27+B28)
A29: =IF('Trade Log'!A21="","",20) | B29: =IF('Trade Log'!K21="","",'Trade Log'!K21) | C29: =IF(B29="","",C28+B29)
A30: =IF('Trade Log'!A22="","",21) | B30: =IF('Trade Log'!K22="","",'Trade Log'!K22) | C30: =IF(B30="","",C29+B30)
A31: =IF('Trade Log'!A23="","",22) | B31: =IF('Trade Log'!K23="","",'Trade Log'!K23) | C31: =IF(B31="","",C30+B31)
A32: =IF('Trade Log'!A24="","",23) | B32: =IF('Trade Log'!K24="","",'Trade Log'!K24) | C32: =IF(B32="","",C31+B32)
A33: =IF('Trade Log'!A25="","",24) | B33: =IF('Trade Log'!K25="","",'Trade Log'!K25) | C33: =IF(B33="","",C32+B33)
A34: =IF('Trade Log'!A26="","",25) | B34: =IF('Trade Log'!K26="","",'Trade Log'!K26) | C34: =IF(B34="","",C33+B34)
A35: =IF('Trade Log'!A27="","",26) | B35: =IF('Trade Log'!K27="","",'Trade Log'!K27) | C35: =IF(B35="","",C34+B35)
A36: =IF('Trade Log'!A28="","",27) | B36: =IF('Trade Log'!K28="","",'Trade Log'!K28) | C36: =IF(B36="","",C35+B36)
A37: =IF('Trade Log'!A29="","",28) | B37: =IF('Trade Log'!K29="","",'Trade Log'!K29) | C37: =IF(B37="","",C36+B37)
A38: =IF('Trade Log'!A30="","",29) | B38: =IF('Trade Log'!K30="","",'Trade Log'!K30) | C38: =IF(B38="","",C37+B38)
A39: =IF('Trade Log'!A31="","",30) | B39: =IF('Trade Log'!K31="","",'Trade Log'!K31) | C39: =IF(B39="","",C38+B39)
A40: =IF('Trade Log'!A32="","",31) | B40: =IF('Trade Log'!K32="","",'Trade Log'!K32) | C40: =IF(B40="","",C39+B40)
A41: =IF('Trade Log'!A33="","",32) | B41: =IF('Trade Log'!K33="","",'Trade Log'!K33) | C41: =IF(B41="","",C40+B41)
A42: =IF('Trade Log'!A34="","",33) | B42: =IF('Trade Log'!K34="","",'Trade Log'!K34) | C42: =IF(B42="","",C41+B42)
A43: =IF('Trade Log'!A35="","",34) | B43: =IF('Trade Log'!K35="","",'Trade Log'!K35) | C43: =IF(B43="","",C42+B43)
A44: =IF('Trade Log'!A36="","",35) | B44: =IF('Trade Log'!K36="","",'Trade Log'!K36) | C44: =IF(B44="","",C43+B44)
A45: =IF('Trade Log'!A37="","",36) | B45: =IF('Trade Log'!K37="","",'Trade Log'!K37) | C45: =IF(B45="","",C44+B45)
A46: =IF('Trade Log'!A38="","",37) | B46: =IF('Trade Log'!K38="","",'Trade Log'!K38) | C46: =IF(B46="","",C45+B46)
A47: =IF('Trade Log'!A39="","",38) | B47: =IF('Trade Log'!K39="","",'Trade Log'!K39) | C47: =IF(B47="","",C46+B47)
A48: =IF('Trade Log'!A40="","",39) | B48: =IF('Trade Log'!K40="","",'Trade Log'!K40) | C48: =IF(B48="","",C47+B48)
A49: =IF('Trade Log'!A41="","",40) | B49: =IF('Trade Log'!K41="","",'Trade Log'!K41) | C49: =IF(B49="","",C48+B49)
A50: =IF('Trade Log'!A42="","",41) | B50: =IF('Trade Log'!K42="","",'Trade Log'!K42) | C50: =IF(B50="","",C49+B50)
A51: =IF('Trade Log'!A43="","",42) | B51: =IF('Trade Log'!K43="","",'Trade Log'!K43) | C51: =IF(B51="","",C50+B51)
A52: =IF('Trade Log'!A44="","",43) | B52: =IF('Trade Log'!K44="","",'Trade Log'!K44) | C52: =IF(B52="","",C51+B52)
A53: =IF('Trade Log'!A45="","",44) | B53: =IF('Trade Log'!K45="","",'Trade Log'!K45) | C53: =IF(B53="","",C52+B53)
A54: =IF('Trade Log'!A46="","",45) | B54: =IF('Trade Log'!K46="","",'Trade Log'!K46) | C54: =IF(B54="","",C53+B54)
A55: =IF('Trade Log'!A47="","",46) | B55: =IF('Trade Log'!K47="","",'Trade Log'!K47) | C55: =IF(B55="","",C54+B55)
A56: =IF('Trade Log'!A48="","",47) | B56: =IF('Trade Log'!K48="","",'Trade Log'!K48) | C56: =IF(B56="","",C55+B56)
A57: =IF('Trade Log'!A49="","",48) | B57: =IF('Trade Log'!K49="","",'Trade Log'!K49) | C57: =IF(B57="","",C56+B57)
A58: =IF('Trade Log'!A50="","",49) | B58: =IF('Trade Log'!K50="","",'Trade Log'!K50) | C58: =IF(B58="","",C57+B58)
A59: =IF('Trade Log'!A51="","",50) | B59: =IF('Trade Log'!K51="","",'Trade Log'!K51) | C59: =IF(B59="","",C58+B59)
A60: =IF('Trade Log'!A52="","",51) | B60: =IF('Trade Log'!K52="","",'Trade Log'!K52) | C60: =IF(B60="","",C59+B60)
A61: =IF('Trade Log'!A53="","",52) | B61: =IF('Trade Log'!K53="","",'Trade Log'!K53) | C61: =IF(B61="","",C60+B61)
A62: =IF('Trade Log'!A54="","",53) | B62: =IF('Trade Log'!K54="","",'Trade Log'!K54) | C62: =IF(B62="","",C61+B62)
A63: =IF('Trade Log'!A55="","",54) | B63: =IF('Trade Log'!K55="","",'Trade Log'!K55) | C63: =IF(B63="","",C62+B63)
A64: =IF('Trade Log'!A56="","",55) | B64: =IF('Trade Log'!K56="","",'Trade Log'!K56) | C64: =IF(B64="","",C63+B64)
A65: =IF('Trade Log'!A57="","",56) | B65: =IF('Trade Log'!K57="","",'Trade Log'!K57) | C65: =IF(B65="","",C64+B65)
A66: =IF('Trade Log'!A58="","",57) | B66: =IF('Trade Log'!K58="","",'Trade Log'!K58) | C66: =IF(B66="","",C65+B66)
A67: =IF('Trade Log'!A59="","",58) | B67: =IF('Trade Log'!K59="","",'Trade Log'!K59) | C67: =IF(B67="","",C66+B67)
A68: =IF('Trade Log'!A60="","",59) | B68: =IF('Trade Log'!K60="","",'Trade Log'!K60) | C68: =IF(B68="","",C67+B68)
A69: =IF('Trade Log'!A61="","",60) | B69: =IF('Trade Log'!K61="","",'Trade Log'!K61) | C69: =IF(B69="","",C68+B69)
A70: =IF('Trade Log'!A62="","",61) | B70: =IF('Trade Log'!K62="","",'Trade Log'!K62) | C70: =IF(B70="","",C69+B70)
A71: =IF('Trade Log'!A63="","",62) | B71: =IF('Trade Log'!K63="","",'Trade Log'!K63) | C71: =IF(B71="","",C70+B71)
A72: =IF('Trade Log'!A64="","",63) | B72: =IF('Trade Log'!K64="","",'Trade Log'!K64) | C72: =IF(B72="","",C71+B72)
A73: =IF('Trade Log'!A65="","",64) | B73: =IF('Trade Log'!K65="","",'Trade Log'!K65) | C73: =IF(B73="","",C72+B73)
A74: =IF('Trade Log'!A66="","",65) | B74: =IF('Trade Log'!K66="","",'Trade Log'!K66) | C74: =IF(B74="","",C73+B74)
A75: =IF('Trade Log'!A67="","",66) | B75: =IF('Trade Log'!K67="","",'Trade Log'!K67) | C75: =IF(B75="","",C74+B75)
A76: =IF('Trade Log'!A68="","",67) | B76: =IF('Trade Log'!K68="","",'Trade Log'!K68) | C76: =IF(B76="","",C75+B76)
A77: =IF('Trade Log'!A69="","",68) | B77: =IF('Trade Log'!K69="","",'Trade Log'!K69) | C77: =IF(B77="","",C76+B77)
A78: =IF('Trade Log'!A70="","",69) | B78: =IF('Trade Log'!K70="","",'Trade Log'!K70) | C78: =IF(B78="","",C77+B78)
A79: =IF('Trade Log'!A71="","",70) | B79: =IF('Trade Log'!K71="","",'Trade Log'!K71) | C79: =IF(B79="","",C78+B79)
A80: =IF('Trade Log'!A72="","",71) | B80: =IF('Trade Log'!K72="","",'Trade Log'!K72) | C80: =IF(B80="","",C79+B80)
A81: =IF('Trade Log'!A73="","",72) | B81: =IF('Trade Log'!K73="","",'Trade Log'!K73) | C81: =IF(B81="","",C80+B81)
A82: =IF('Trade Log'!A74="","",73) | B82: =IF('Trade Log'!K74="","",'Trade Log'!K74) | C82: =IF(B82="","",C81+B82)
A83: =IF('Trade Log'!A75="","",74) | B83: =IF('Trade Log'!K75="","",'Trade Log'!K75) | C83: =IF(B83="","",C82+B83)
A84: =IF('Trade Log'!A76="","",75) | B84: =IF('Trade Log'!K76="","",'Trade Log'!K76) | C84: =IF(B84="","",C83+B84)
A85: =IF('Trade Log'!A77="","",76) | B85: =IF('Trade Log'!K77="","",'Trade Log'!K77) | C85: =IF(B85="","",C84+B85)
A86: =IF('Trade Log'!A78="","",77) | B86: =IF('Trade Log'!K78="","",'Trade Log'!K78) | C86: =IF(B86="","",C85+B86)
A87: =IF('Trade Log'!A79="","",78) | B87: =IF('Trade Log'!K79="","",'Trade Log'!K79) | C87: =IF(B87="","",C86+B87)
A88: =IF('Trade Log'!A80="","",79) | B88: =IF('Trade Log'!K80="","",'Trade Log'!K80) | C88: =IF(B88="","",C87+B88)
A89: =IF('Trade Log'!A81="","",80) | B89: =IF('Trade Log'!K81="","",'Trade Log'!K81) | C89: =IF(B89="","",C88+B89)
A90: =IF('Trade Log'!A82="","",81) | B90: =IF('Trade Log'!K82="","",'Trade Log'!K82) | C90: =IF(B90="","",C89+B90)
A91: =IF('Trade Log'!A83="","",82) | B91: =IF('Trade Log'!K83="","",'Trade Log'!K83) | C91: =IF(B91="","",C90+B91)
A92: =IF('Trade Log'!A84="","",83) | B92: =IF('Trade Log'!K84="","",'Trade Log'!K84) | C92: =IF(B92="","",C91+B92)
A93: =IF('Trade Log'!A85="","",84) | B93: =IF('Trade Log'!K85="","",'Trade Log'!K85) | C93: =IF(B93="","",C92+B93)
A94: =IF('Trade Log'!A86="","",85) | B94: =IF('Trade Log'!K86="","",'Trade Log'!K86) | C94: =IF(B94="","",C93+B94)
A95: =IF('Trade Log'!A87="","",86) | B95: =IF('Trade Log'!K87="","",'Trade Log'!K87) | C95: =IF(B95="","",C94+B95)
A96: =IF('Trade Log'!A88="","",87) | B96: =IF('Trade Log'!K88="","",'Trade Log'!K88) | C96: =IF(B96="","",C95+B96)
A97: =IF('Trade Log'!A89="","",88) | B97: =IF('Trade Log'!K89="","",'Trade Log'!K89) | C97: =IF(B97="","",C96+B97)
A98: =IF('Trade Log'!A90="","",89) | B98: =IF('Trade Log'!K90="","",'Trade Log'!K90) | C98: =IF(B98="","",C97+B98)
A99: =IF('Trade Log'!A91="","",90) | B99: =IF('Trade Log'!K91="","",'Trade Log'!K91) | C99: =IF(B99="","",C98+B99)
A100: =IF('Trade Log'!A92="","",91) | B100: =IF('Trade Log'!K92="","",'Trade Log'!K92) | C100: =IF(B100="","",C99+B100)
A101: =IF('Trade Log'!A93="","",92) | B101: =IF('Trade Log'!K93="","",'Trade Log'!K93) | C101: =IF(B101="","",C100+B101)
A102: =IF('Trade Log'!A94="","",93) | B102: =IF('Trade Log'!K94="","",'Trade Log'!K94) | C102: =IF(B102="","",C101+B102)
A103: =IF('Trade Log'!A95="","",94) | B103: =IF('Trade Log'!K95="","",'Trade Log'!K95) | C103: =IF(B103="","",C102+B103)
...

Sheet Daily Log
A1: Daily Trading Journal
A2: Track your mindset, preparation, and daily reflections
A4: Date | B4: Pre-Market Notes | C4: Market Bias | D4: # Trades | E4: Daily P&L | F4: What Went Well | G4: What To Improve | H4: Mood (1-5) | I4: Rating (1-5)
A5: 46082 | B5: Watching AAPL breakout level, TSLA earnings reaction | C5: Bullish | D5: 3 | E5: =SUMPRODUCT(('Trade Log'!A2:A101=A5)*('Trade Log'!K2:K101)) | F5: Stuck to plan on AAPL | G5: Cut TSLA loss faster | H5: 4 | I5: 3
A6: 46083 | B6: Gap up in SPY, watching for continuation | C6: Bullish | D6: 2 | E6: =SUMPRODUCT(('Trade Log'!A2:A101=A6)*('Trade Log'!K2:K101)) | F6: Good entry timing on SPY | G6: Overtraded META setup | H6: 3 | I6: 4
E7: =SUMPRODUCT(('Trade Log'!A2:A101=A7)*('Trade Log'!K2:K101))
E8: =SUMPRODUCT(('Trade Log'!A2:A101=A8)*('Trade Log'!K2:K101))
E9: =SUMPRODUCT(('Trade Log'!A2:A101=A9)*('Trade Log'!K2:K101))
E10: =SUMPRODUCT(('Trade Log'!A2:A101=A10)*('Trade Log'!K2:K101))
E11: =SUMPRODUCT(('Trade Log'!A2:A101=A11)*('Trade Log'!K2:K101))
E12: =SUMPRODUCT(('Trade Log'!A2:A101=A12)*('Trade Log'!K2:K101))
E13: =SUMPRODUCT(('Trade Log'!A2:A101=A13)*('Trade Log'!K2:K101))
E14: =SUMPRODUCT(('Trade Log'!A2:A101=A14)*('Trade Log'!K2:K101))
E15: =SUMPRODUCT(('Trade Log'!A2:A101=A15)*('Trade Log'!K2:K101))
E16: =SUMPRODUCT(('Trade Log'!A2:A101=A16)*('Trade Log'!K2:K101))
E17: =SUMPRODUCT(('Trade Log'!A2:A101=A17)*('Trade Log'!K2:K101))
E18: =SUMPRODUCT(('Trade Log'!A2:A101=A18)*('Trade Log'!K2:K101))
E19: =SUMPRODUCT(('Trade Log'!A2:A101=A19)*('Trade Log'!K2:K101))
E20: =SUMPRODUCT(('Trade Log'!A2:A101=A20)*('Trade Log'!K2:K101))
E21: =SUMPRODUCT(('Trade Log'!A2:A101=A21)*('Trade Log'!K2:K101))
E22: =SUMPRODUCT(('Trade Log'!A2:A101=A22)*('Trade Log'!K2:K101))
E23: =SUMPRODUCT(('Trade Log'!A2:A101=A23)*('Trade Log'!K2:K101))
E24: =SUMPRODUCT(('Trade Log'!A2:A101=A24)*('Trade Log'!K2:K101))
E25: =SUMPRODUCT(('Trade Log'!A2:A101=A25)*('Trade Log'!K2:K101))
E26: =SUMPRODUCT(('Trade Log'!A2:A101=A26)*('Trade Log'!K2:K101))
E27: =SUMPRODUCT(('Trade Log'!A2:A101=A27)*('Trade Log'!K2:K101))
E28: =SUMPRODUCT(('Trade Log'!A2:A101=A28)*('Trade Log'!K2:K101))
E29: =SUMPRODUCT(('Trade Log'!A2:A101=A29)*('Trade Log'!K2:K101))
E30: =SUMPRODUCT(('Trade Log'!A2:A101=A30)*('Trade Log'!K2:K101))
E31: =SUMPRODUCT(('Trade Log'!A2:A101=A31)*('Trade Log'!K2:K101))
E32: =SUMPRODUCT(('Trade Log'!A2:A101=A32)*('Trade Log'!K2:K101))
E33: =SUMPRODUCT(('Trade Log'!A2:A101=A33)*('Trade Log'!K2:K101))
E34: =SUMPRODUCT(('Trade Log'!A2:A101=A34)*('Trade Log'!K2:K101))
E35: =SUMPRODUCT(('Trade Log'!A2:A101=A35)*('Trade Log'!K2:K101))
E36: =SUMPRODUCT(('Trade Log'!A2:A101=A36)*('Trade Log'!K2:K101))
E37: =SUMPRODUCT(('Trade Log'!A2:A101=A37)*('Trade Log'!K2:K101))
E38: =SUMPRODUCT(('Trade Log'!A2:A101=A38)*('Trade Log'!K2:K101))
E39: =SUMPRODUCT(('Trade Log'!A2:A101=A39)*('Trade Log'!K2:K101))
E40: =SUMPRODUCT(('Trade Log'!A2:A101=A40)*('Trade Log'!K2:K101))
E41: =SUMPRODUCT(('Trade Log'!A2:A101=A41)*('Trade Log'!K2:K101))
E42: =SUMPRODUCT(('Trade Log'!A2:A101=A42)*('Trade Log'!K2:K101))
E43: =SUMPRODUCT(('Trade Log'!A2:A101=A43)*('Trade Log'!K2:K101))
E44: =SUMPRODUCT(('Trade Log'!A2:A101=A44)*('Trade Log'!K2:K101))
E45: =SUMPRODUCT(('Trade Log'!A2:A101=A45)*('Trade Log'!K2:K101))
E46: =SUMPRODUCT(('Trade Log'!A2:A101=A46)*('Trade Log'!K2:K101))
E47: =SUMPRODUCT(('Trade Log'!A2:A101=A47)*('Trade Log'!K2:K101))
E48: =SUMPRODUCT(('Trade Log'!A2:A101=A48)*('Trade Log'!K2:K101))
E49: =SUMPRODUCT(('Trade Log'!A2:A101=A49)*('Trade Log'!K2:K101))
E50: =SUMPRODUCT(('Trade Log'!A2:A101=A50)*('Trade Log'!K2:K101))
E51: =SUMPRODUCT(('Trade Log'!A2:A101=A51)*('Trade Log'!K2:K101))
E52: =SUMPRODUCT(('Trade Log'!A2:A101=A52)*('Trade Log'!K2:K101))
E53: =SUMPRODUCT(('Trade Log'!A2:A101=A53)*('Trade Log'!K2:K101))
E54: =SUMPRODUCT(('Trade Log'!A2:A101=A54)*('Trade Log'!K2:K101))
E55: =SUMPRODUCT(('Trade Log'!A2:A101=A55)*('Trade Log'!K2:K101))
E56: =SUMPRODUCT(('Trade Log'!A2:A101=A56)*('Trade Log'!K2:K101))
E57: =SUMPRODUCT(('Trade Log'!A2:A101=A57)*('Trade Log'!K2:K101))
E58: =SUMPRODUCT(('Trade Log'!A2:A101=A58)*('Trade Log'!K2:K101))
E59: =SUMPRODUCT(('Trade Log'!A2:A101=A59)*('Trade Log'!K2:K101))
E60: =SUMPRODUCT(('Trade Log'!A2:A101=A60)*('Trade Log'!K2:K101))
E61: =SUMPRODUCT(('Trade Log'!A2:A101=A61)*('Trade Log'!K2:K101))
E62: =SUMPRODUCT(('Trade Log'!A2:A101=A62)*('Trade Log'!K2:K101))
E63: =SUMPRODUCT(('Trade Log'!A2:A101=A63)*('Trade Log'!K2:K101))
E64: =SUMPRODUCT(('Trade Log'!A2:A101=A64)*('Trade Log'!K2:K101))
E65: =SUMPRODUCT(('Trade Log'!A2:A101=A65)*('Trade Log'!K2:K101))
E66: =SUMPRODUCT(('Trade Log'!A2:A101=A66)*('Trade Log'!K2:K101))
E67: =SUMPRODUCT(('Trade Log'!A2:A101=A67)*('Trade Log'!K2:K101))
E68: =SUMPRODUCT(('Trade Log'!A2:A101=A68)*('Trade Log'!K2:K101))
E69: =SUMPRODUCT(('Trade Log'!A2:A101=A69)*('Trade Log'!K2:K101))
E70: =SUMPRODUCT(('Trade Log'!A2:A101=A70)*('Trade Log'!K2:K101))
E71: =SUMPRODUCT(('Trade Log'!A2:A101=A71)*('Trade Log'!K2:K101))
E72: =SUMPRODUCT(('Trade Log'!A2:A101=A72)*('Trade Log'!K2:K101))
E73: =SUMPRODUCT(('Trade Log'!A2:A101=A73)*('Trade Log'!K2:K101))
E74: =SUMPRODUCT(('Trade Log'!A2:A101=A74)*('Trade Log'!K2:K101))
E75: =SUMPRODUCT(('Trade Log'!A2:A101=A75)*('Trade Log'!K2:K101))
E76: =SUMPRODUCT(('Trade Log'!A2:A101=A76)*('Trade Log'!K2:K101))
E77: =SUMPRODUCT(('Trade Log'!A2:A101=A77)*('Trade Log'!K2:K101))
E78: =SUMPRODUCT(('Trade Log'!A2:A101=A78)*('Trade Log'!K2:K101))
E79: =SUMPRODUCT(('Trade Log'!A2:A101=A79)*('Trade Log'!K2:K101))
E80: =SUMPRODUCT(('Trade Log'!A2:A101=A80)*('Trade Log'!K2:K101))
E81: =SUMPRODUCT(('Trade Log'!A2:A101=A81)*('Trade Log'!K2:K101))
E82: =SUMPRODUCT(('Trade Log'!A2:A101=A82)*('Trade Log'!K2:K101))
E83: =SUMPRODUCT(('Trade Log'!A2:A101=A83)*('Trade Log'!K2:K101))
E84: =SUMPRODUCT(('Trade Log'!A2:A101=A84)*('Trade Log'!K2:K101))
E85: =SUMPRODUCT(('Trade Log'!A2:A101=A85)*('Trade Log'!K2:K101))
E86: =SUMPRODUCT(('Trade Log'!A2:A101=A86)*('Trade Log'!K2:K101))
E87: =SUMPRODUCT(('Trade Log'!A2:A101=A87)*('Trade Log'!K2:K101))
E88: =SUMPRODUCT(('Trade Log'!A2:A101=A88)*('Trade Log'!K2:K101))
E89: =SUMPRODUCT(('Trade Log'!A2:A101=A89)*('Trade Log'!K2:K101))
E90: =SUMPRODUCT(('Trade Log'!A2:A101=A90)*('Trade Log'!K2:K101))
E91: =SUMPRODUCT(('Trade Log'!A2:A101=A91)*('Trade Log'!K2:K101))
E92: =SUMPRODUCT(('Trade Log'!A2:A101=A92)*('Trade Log'!K2:K101))
E93: =SUMPRODUCT(('Trade Log'!A2:A101=A93)*('Trade Log'!K2:K101))
E94: =SUMPRODUCT(('Trade Log'!A2:A101=A94)*('Trade Log'!K2:K101))
E95: =SUMPRODUCT(('Trade Log'!A2:A101=A95)*('Trade Log'!K2:K101))
E96: =SUMPRODUCT(('Trade Log'!A2:A101=A96)*('Trade Log'!K2:K101))
E97: =SUMPRODUCT(('Trade Log'!A2:A101=A97)*('Trade Log'!K2:K101))
E98: =SUMPRODUCT(('Trade Log'!A2:A101=A98)*('Trade Log'!K2:K101))
E99: =SUMPRODUCT(('Trade Log'!A2:A101=A99)*('Trade Log'!K2:K101))
E100: =SUMPRODUCT(('Trade Log'!A2:A101=A100)*('Trade Log'!K2:K101))
E101: =SUMPRODUCT(('Trade Log'!A2:A101=A101)*('Trade Log'!K2:K101))
...

Sheet How To Use
B2: Free Trading Journal Template
B3: by TradingJournal.com
B5: GETTING STARTED
B6: 1. Go to the Trade Log tab and start entering your trades.
B7: 2. The Dashboard tab auto-calculates your stats — no manual work needed.
B8: 3. Use the Daily Log tab to track your mindset and daily reflections.
B10: TRADE LOG TIPS
B11: - Side: Select Long or Short from the dropdown.
B12: - Gross P&L and Net P&L are auto-calculated from your entry/exit prices.
B13: - Add your commission/fees in the Fees column.
B14: - Use the Strategy column consistently (e.g., always 'Breakout', not 'breakout').
B15: - The Notes column is your best friend — write WHY you took the trade.
... B30: trading journal software at tradingjournal.com
